Top queries,Clicks,Impressions,CTR,Position
bathroom remodel chandler,0,322,0%,79.07
bathroom remodelers,0,306,0%,19.57
bathroom remodeling,0,286,0%,25.66
bathroom remodeling chandler,0,281,0%,79.27
bathroom remodel mesa,0,256,0%,69.93
accessible shower remodeling gilbert,0,173,0%,28.69
accessible shower remodeling mesa,0,163,0%,31.74
bathroom remodeling chandler az,0,162,0%,78.88
chandler bathroom remodeling,0,160,0%,77.36
bathroom remodeling mesa,0,153,0%,66.78
bathroom remodel gilbert,0,151,0%,88.97
gilbert bathroom remodeling,0,146,0%,85.15
accessible shower remodeling chandler,0,126,0%,21.41
gilbert shower remodeling,0,126,0%,76.4
bathroom remodel near me,0,119,0%,32.61
accessible shower installation chandler,0,116,0%,18.56
shower remodeling company mesa,0,110,0%,57.01
bathroom remodel queen creek,0,109,0%,38.45
shower remodeling services mesa,0,106,0%,52.65
bathroom remodeling services mesa,0,104,0%,80.59
bathroom remodel chandler az,0,101,0%,75.46
ada bathroom remodel arizona,0,97,0%,40.11
bathroom remodel contractor,0,94,0%,10.43
shower remodeling services gilbert,0,94,0%,77.88
master bathroom remodel near me,0,93,0%,57.08
mesa bathroom remodeling,0,92,0%,66.51
bathroom remodeling gilbert,0,92,0%,91.58
best bathroom remodelers near me,0,91,0%,50.1
bathroom remodeling tempe,0,91,0%,73.77
bathroom remodel,0,90,0%,22.92
tile installation chandler,0,90,0%,52.43
bathroom remodeling contractor mesa,0,90,0%,74.47
handicap bathroom remodel contractors,0,89,0%,49.62
tub to shower conversion chandler,0,89,0%,61.67
shower renovation near me,0,88,0%,49.69
affordable bathroom remodel near me,0,86,0%,48.83
bath remodel near me,0,84,0%,44.26
bathroom remodel mesa az,0,84,0%,67
bathroom remodeling service,0,83,0%,22.41
shower remodeling company gilbert,0,83,0%,77.37
bathroom remodeling company,0,81,0%,22.3
bathroom remodel companies near me,0,81,0%,52.64
bathroom remodeling queen creek,0,80,0%,39.52
shower remodeling mesa,0,80,0%,42.39
walk-in shower company services,0,79,0%,15.56
bathroom reconstruction near me,0,79,0%,54
accessible shower remodeling queen creek,0,76,0%,33.92
tile shower installation mesa,0,75,0%,63.87
shower remodel companies near me,0,74,0%,48.26
tile shower installation chandler,0,74,0%,50.14
home remodeling chandler,0,74,0%,71.59
shower remodeling services queen creek,0,73,0%,33.73
shower remodel near me,0,73,0%,41.19
bath remodeling contractors near me,0,72,0%,49.76
accessible shower installation gilbert,0,72,0%,54.32
bathroom remodeling contractor chandler,0,72,0%,70.43
licensed bathroom contractors near me,0,71,0%,46.62
shower remodeling services chandler,0,71,0%,71.2
bathroom remodeling near me,0,70,0%,19.8
bath remodel,0,70,0%,27.67
small bathroom contractors near me,0,68,0%,51.43
bathroom remodeling services queen creek,0,67,0%,33.91
full bathroom remodel near me,0,67,0%,53.96
shower remodeling queen creek,0,66,0%,29.98
small bathroom remodel near me,0,66,0%,58.44
shower installation chandler,0,66,0%,72.92
shower remodeling company chandler,0,65,0%,71.34
shower remodeling company queen creek,0,64,0%,38.53
chandler shower remodeling,0,64,0%,68.16
shower remodeling chandler,0,64,0%,72.27
bathroom remodel tempe,0,64,0%,82.42
bathroom remodeling services chandler,0,63,0%,77.63
gilbert bathroom remodeling company,0,63,0%,81.46
queen creek shower remodeling,0,62,0%,33.18
shower tile installers near me,0,61,0%,41.44
remodel bathroom near me,0,60,0%,45.75
bathroom remodeling mesa az,0,60,0%,62.45
bathroom remodeling ahwatukee,0,59,0%,36.25
shower to tub conversions near me,0,56,0%,53.77
tempe bathroom remodel,0,56,0%,74.04
bathroom remodel gilbert az,0,56,0%,89.59
bathroom designers near me,0,55,0%,30.56
shower installation services chandler,0,54,0%,73.35
bathroom remodeling companies in queen creek,0,53,0%,45.68
tub to shower conversion queen creek,0,52,0%,36.08
bathroom refinishers near me,0,51,0%,29.14
bathroom renovation in apache junction,0,51,0%,38.41
bathroom remodeling companies in chandler,0,51,0%,78.2
apache junction bathroom remodeling service,0,50,0%,39.94
tile shower installation gilbert,0,50,0%,66.42
apache junction bathroom remodeling,0,49,0%,39.45
apache junction bathroom renovation,0,49,0%,40.53
apache junction shower remodeling,0,48,0%,32.15
bathtub remodeling in apache junction,0,48,0%,38.5
mesa bathroom remodel,0,48,0%,70.12
shower installation gilbert,0,48,0%,75.35
bathroom lighting contractor,0,47,0%,36.87
bathroom remodeling in apache junction,0,47,0%,38.28
bath remodeling apache junction,0,47,0%,40.62
apache junction bathroom remodeling contractor,0,47,0%,41.23
shower remodeling gilbert,0,47,0%,73.38
shower remodeling gilbert az,0,47,0%,83.74
bathroom renovators near me,0,46,0%,39.24
renovate bathroom near me,0,46,0%,44.02
bathroom remodeling contractor queen creek,0,46,0%,50
apache junction bathroom renovation services,0,46,0%,54.2
apache junction bathroom renovation company,0,46,0%,60.33
tile shower installation arizona,0,46,0%,74.24
shower remodel gilbert,0,46,0%,84.96
shower remodel gilbert az,0,46,0%,84.96
gilbert bathroom remodel,0,46,0%,87.04
apache junction bathtub remodeling,0,45,0%,40.36
apache junction bathroom remodeling company,0,45,0%,49.51
bathroom renovation services in apache junction,0,45,0%,57.31
chandler home remodeling,0,45,0%,77.04
accessible shower remodeling arizona,0,45,0%,81.89
bathroom remodeling contractor in apache junction,0,44,0%,23.05
bathroom remodeling company in apache junction,0,44,0%,45.61
bath remodeling mesa,0,44,0%,55.52
bathroom renovation company in apache junction,0,44,0%,71.89
shower remodeling in apache junction,0,43,0%,25.19
mesa bathroom renovation,0,43,0%,77.98
mesa bathroom renovation company,0,43,0%,79.12
bath remodeling,0,42,0%,26.33
bathroom renovations apache junction,0,42,0%,31.88
bathroom tile installers near me,0,42,0%,39.05
queen creek bathroom remodeling,0,42,0%,42
bathroom remodeling services,0,41,0%,16.12
tub remodeling apache junction,0,41,0%,41.24
acrylic bathroom remodel company mesa,0,41,0%,58.83
mesa bathroom remodeling service,0,41,0%,73.32
bathroom renovations mesa,0,41,0%,78.56
bathtub remodeling in mesa,0,40,0%,54.17
acrylic bathroom remodel mesa,0,40,0%,58.52
bathroom remodeling in mesa,0,40,0%,75.4
tub to shower conversion arizona,0,40,0%,75.7
shower remodeling in mesa,0,39,0%,54.13
mesa bathroom remodeling contractor,0,39,0%,78.85
bathroom remodeling service in apache junction,0,38,0%,49.42
tub to shower conversion companies near me,0,38,0%,52.11
mesa bathroom remodeling company,0,38,0%,77.45
bathroom renovation in mesa,0,37,0%,77.86
tile shower installation queen creek,0,37,0%,81.43
home remodeling in chandler,0,36,0%,79.28
bathroom renovations chandler az,0,36,0%,83.19
acrylic bath remodel company mesa,0,35,0%,58.23
bathroom remodeling services gilbert,0,35,0%,79
mesa bathroom renovation services,0,35,0%,80.71
ceramic tile contractors near me,0,34,0%,49.59
bathroom remodeler queen creek,0,33,0%,28.33
shower remodeling,0,33,0%,37.85
gilbert bathroom remodeling service,0,33,0%,82.58
bath remodel chandler,0,33,0%,84.64
tile installation near me,0,32,0%,31.03
mesa bathtub remodeling,0,32,0%,49.06
shower remodeling in gilbert,0,32,0%,78.94
bathtub remodeling in gilbert,0,32,0%,86.09
acrylic shower renovations gilbert,0,31,0%,64.42
large format tile installers near me,0,30,0%,26.53
queen creekbathroom remodeling,0,29,0%,21.1
subway tile installation near me,0,29,0%,28.28
home remodeling queen creek,0,29,0%,62.52
home remodeling chandler az,0,29,0%,74.24
remodeling mesa az,0,28,0%,56.25
bathroom remodeling companies in mesa,0,28,0%,62.04
bathroom renovations gilbert,0,28,0%,86.5
tile installation contractors near me,0,27,0%,26.89
indoor bathroom remodel apache junction az,0,27,0%,30.26
acrylic bathroom remodel gilbert,0,27,0%,51.96
bath to shower conversion near me,0,27,0%,63.04
bathroom remodeler,0,26,0%,17.08
tile installation companies near me,0,26,0%,34.58
bathroom remodeler mesa,0,26,0%,48.04
bathroom renovation in gilbert,0,26,0%,85.85
remodeling bathroom near me,0,25,0%,11.84
shower renovation companies,0,25,0%,27.2
bathroom remodel chandler az cost,0,25,0%,50.04
shower installation services gilbert,0,25,0%,62.48
tile shower installation services chandler,0,25,0%,63.52
home remodeling in apache junction,0,25,0%,72.32
tub to shower conversion gilbert,0,25,0%,84.48
bathroom remodels near me,0,24,0%,19.38
accessible shower installation queen creek,0,24,0%,44.88
chandler az bathroom remodel,0,24,0%,76.29
cheap bathroom remodeling chandler az,0,24,0%,79.42
bathroom remodeling contractor gilbert,0,24,0%,87.75
bath remodeling gilbert,0,24,0%,88.08
bathroom remodeling north tempe,0,23,0%,36.48
tub to shower conversion near me,0,23,0%,47.52
bathroom remodeling in gilbert,0,23,0%,86.04
home remodeling in queen creek,0,23,0%,86.3
bathroom remodeling apache junction,0,22,0%,49.82
queen creek home remodeling,0,22,0%,64.86
remodeling service chandler az,0,22,0%,75.95
one day bathroom remodeling mesa,0,22,0%,76.36
walk-in shower installation services,0,21,0%,31.95
bathroom remodel chandler az prices,0,21,0%,47.76
spa bathroom chandler,0,21,0%,48.43
home remodeling apache junction,0,21,0%,54.71
apache junction home remodeling,0,21,0%,62.33
shower installation queen creek,0,21,0%,67.33
bathroom remodeling contractor in mesa,0,21,0%,69
shower installation mesa,0,21,0%,82.33
bathroom renovation chandler az,0,21,0%,85.05
bathroom remodeling company gilbert,0,21,0%,88.33
bathroom remodeling contractor,0,20,0%,22.45
va accessibility remodeling arizona,0,20,0%,52.05
affordable bathroom remodeling chandler az,0,20,0%,71.25
bathroom chandler az,0,20,0%,77.8
bathroom renovation chandler,0,20,0%,85.75
bathroom remodel contractors chandler az,0,20,0%,85.9
shower and bath remodel company serving chandler arizona,0,19,0%,26.53
chandlerbathroom remodeling,0,19,0%,33.37
laundry room tile installation near me,0,19,0%,40.89
chandler tile removal,0,19,0%,57.32
home remodel chandler,0,19,0%,67.74
shower remodel chandler az,0,19,0%,77.47
1 day bath arizona tub to shower conversion,0,19,0%,78.37
tile shower installation services gilbert,0,19,0%,78.47
tub to shower conversion ahwatukee,0,18,0%,17
bathroom designer near me,0,18,0%,17.89
tile installers near me,0,18,0%,23.5
bathroom cabinets chandler,0,18,0%,38.94
bathroom remodeling tempe az,0,18,0%,46.5
bathroom mesa az,0,18,0%,49.78
plumbing remodeling ahwatukee az,0,18,0%,58.44
acrylic shower renovations mesa,0,18,0%,59
"bathroom remodeling chandler, az",0,18,0%,78.67
one day bathroom remodeling apache junction,0,18,0%,79.72
tile floor installation chandler,0,18,0%,82
bathroom remodeler gilbert,0,18,0%,90.06
bathroom remodel contractors,0,17,0%,22.24
bathroom remodelers apache junction az,0,17,0%,31.53
bathroom remodeling desert ridge,0,17,0%,83.18
bath remodeling near me,0,16,0%,7.06
handicap accessible shower chandler,0,16,0%,17.94
one day bath remodeling apache junction,0,16,0%,74.88
custom bathroom chandler,0,16,0%,80.62
tile shower installation services queen creek,0,16,0%,82.75
gilbert bathroom remodeling contractor,0,16,0%,87.06
chandler shower restoration,0,16,0%,88.38
shower remodeling apache junction,0,15,0%,20.07
bathroom remodel contractor apache junction az,0,15,0%,25.4
tempe bathroom remodeling contractor,0,15,0%,36.6
bathroom remodeling north mesa,0,15,0%,60.6
tile installers chandler,0,15,0%,62.4
bath remodeling contractors chandler az,0,15,0%,79.8
bathroom remodeling companies,0,14,0%,16.43
tiles installers near me,0,14,0%,25.21
acrylic bathroom installation gilbert,0,14,0%,30.86
remodeling companies in chandler,0,14,0%,70.57
accessible shower installation arizona,0,14,0%,78.07
bathroom remodeler chandler,0,14,0%,78.07
chandler bathroom remodel,0,14,0%,78.21
home renovation tempe az,0,14,0%,79.93
shower remodel chandler,0,14,0%,83.93
home remodeling north tempe,0,13,0%,41.15
tempe bathroom remodeling,0,13,0%,66.54
bathroom remodel in mesa,0,13,0%,71.62
tile shower installation services mesa,0,13,0%,78.85
shower installation services queen creek,0,13,0%,81.46
room additions contractor chandler,0,13,0%,85.69
backsplash installation chandler,0,13,0%,94.62
bathroom renovation services,0,12,0%,19.17
one day bathroom renovation queen creek,0,12,0%,19.25
custom bathroom ahwatukee,0,12,0%,19.42
mudroom tile installation near me,0,12,0%,33.5
bathroom remodeling apache junction az,0,12,0%,35.42
glass tile installers near me,0,12,0%,41.5
home remodeling ahwatukee,0,12,0%,42.33
remodeling contractors chandler az,0,12,0%,67
luxury remodel chandler,0,12,0%,73.92
one day bath remodeling gilbert,0,12,0%,80.17
bathroom renovation tempe,0,12,0%,87
master bathroom remodel chandler,0,12,0%,87.25
one day bathroom remodel queen creek,0,11,0%,20.82
custom bathroom queen creek,0,11,0%,28.36
one day tub remodeling gilbert,0,11,0%,65.73
remodeling contractor chandler,0,11,0%,72.55
bathroom remodeler near me,0,10,0%,14
master bathroom remodel ahwatukee,0,10,0%,20
bathroom remodeling contractors near me,0,10,0%,21.6
bathroom renovations near me,0,10,0%,32.5
advanced custom renovations,0,10,0%,34.5
bathroom floor installation near me,0,10,0%,52.3
bathroom renovation contractors near me,0,10,0%,53.7
remodeling contractors chandler,0,10,0%,66.6
tile removal contractors chandler az,0,10,0%,68.4
bathroom lighting upgrades near me,0,10,0%,79.5
one day tub remodeling apache junction,0,10,0%,81
luxury bathroom remodeling fountain hills,0,10,0%,81.9
bathroom renovations gilbert az,0,10,0%,90.2
bathrooom remodeling company,0,9,0%,7.22
one day bathroom remodeling queen creek,0,9,0%,20
one day bath remodel queen creek,0,9,0%,23.11
bathroom remodel company queen creek arizona,0,9,0%,28.89
one day bath renovation queen creek,0,9,0%,31.33
shower tile chandler,0,9,0%,46.89
bathroom remodel tempe az,0,9,0%,47.33
tile installation chandler az,0,9,0%,48.56
luxury remodel ahwatukee,0,9,0%,51
home remodels apache junction az,0,9,0%,60.33
tub remodeling mesa,0,9,0%,74.56
bathroom renovation mesa,0,9,0%,79.33
shower repair mesa az,0,9,0%,83.33
bathroom remodeling gilbert az,0,9,0%,90.78
1 day bathroom remodel queen creek,0,8,0%,21.75
porcelain tile installation near me,0,8,0%,26.5
bath remodeling chandler heights,0,8,0%,28
bathroom remodel ahwatukee,0,8,0%,34
accessible bathroom remodel scottsdale,0,8,0%,37.62
shower remodel ahwatukee,0,8,0%,45.75
accessible shower installation mesa,0,8,0%,52.5
mosaic tile installation near me,0,8,0%,60
home remodeler apache junction az,0,8,0%,65.88
house remodels apache junction az,0,8,0%,72
best home improvement contractor chandler az prices,0,8,0%,75.25
whole home remodeling chandler,0,8,0%,78.62
bathroom renovation tempe az,0,8,0%,83
shower repair chandler az,0,8,0%,83
whole home remodel chandler az,0,8,0%,84
home remodeling in north tempe,0,7,0%,38.14
bathroom tile chandler,0,7,0%,43.86
home remodeling apache junction az,0,7,0%,63.71
bath fitter financing,0,7,0%,71.43
home renovation contractor apache junction az,0,7,0%,72.14
renovation apache junction az,0,7,0%,72.57
bathroom gilbert az,0,7,0%,73
home improvement contractor chandler az cost,0,7,0%,74.57
gilbert bathtub remodeling,0,7,0%,78.71
shower remodel gilbert arizona,0,7,0%,80.14
bathroom renovations tempe az,0,7,0%,80.57
walk in shower prices,0,7,0%,81.43
bath remodel chandler az,0,7,0%,82.29
bathtub installation chandler az,0,7,0%,84
shower installation chandler az,0,7,0%,84.71
bathroom renovation gilbert,0,7,0%,88.71
curbless shower installation ahwatukee,0,6,0%,8.33
walk-in shower contractor chandler,0,6,0%,18.83
shower remodel,0,6,0%,36.83
jacuzzi bathroom remodel queen creek,0,6,0%,40.33
north tempe home remodeling,0,6,0%,40.83
shower remodeling services mesa az,0,6,0%,45
plumber dobson ranch,0,6,0%,55.5
bathroom remodeling company in mesa,0,6,0%,60.17
quartz countertops chandler,0,6,0%,62.5
home renovation apache junction az,0,6,0%,68.33
remodeling contractor mesa,0,6,0%,69.5
home renovation experts chandler,0,6,0%,70
tile removal contractors chandler,0,6,0%,71.17
tile floor removal chandler,0,6,0%,71.5
bathroom vanity installation scottsdale,0,6,0%,80.83
bath remodeler chandler az,0,6,0%,84.17
shower installation tempe az,0,6,0%,86
tub remodeling gilbert,0,6,0%,89.33
gilbert bathroom remodeler,0,6,0%,92.17
bathroom renovation cost,0,5,0%,10
bathroom renovation,0,5,0%,20
bathroom reconstruction,0,5,0%,20.6
bathroom countertops chandler,0,5,0%,28.4
luxury remodel tempe,0,5,0%,30.2
ada accessible bathroom contractors,0,5,0%,38
bathroom remodel financing arizona,0,5,0%,42.4
bathroom queen creek az,0,5,0%,62.8
remodels apache junction az,0,5,0%,65.2
house remodeling apache junction az,0,5,0%,66.6
tile installation gilbert,0,5,0%,67.2
home renovations apache junction az,0,5,0%,71.4
bathroom remodel financing,0,5,0%,73.2
remodeling services chandler az,0,5,0%,75.8
bathroom remodeling financing,0,5,0%,76.8
bathroom remodeling contractors chandler az,0,5,0%,79.4
bathroom remodeling contractor chandler az,0,5,0%,79.8
shower repair tempe az,0,5,0%,88.2
bathroom remodeler gilbert arizona,0,5,0%,91.2
bath remodeling services,0,4,0%,17.25
bathroom remodeling contractors,0,4,0%,17.25
city of chandler building permits,0,4,0%,21
bathroom remodeling tempe contractors,0,4,0%,27.5
same day bathroom remodeling queen creek,0,4,0%,27.75
master bathroom remodel tempe,0,4,0%,28.25
bathtub replacement chandler,0,4,0%,29.25
master bathroom remodel queen creek,0,4,0%,32.75
remodeling contractors pecos,0,4,0%,35
ahwatukee home remodeling experts,0,4,0%,47.5
bathroom renovations chandler,0,4,0%,48
bath remodel mesa,0,4,0%,48.75
guest bathroom remodeling,0,4,0%,56.25
custom bathroom tempe,0,4,0%,56.75
best home improvement contractor chandler az cost,0,4,0%,58.75
ahwatukee home remodeling company,0,4,0%,59.75
remodeling in mesa,0,4,0%,59.75
shower remodel mesa,0,4,0%,63.75
acrylic bath installation company gilbert,0,4,0%,67.5
orange cactus remodeling,0,4,0%,72.25
same day bathroom remodeling chandler,0,4,0%,72.75
bath fitter tub to shower conversion cost,0,4,0%,73
bathroom remodel contractors mesa,0,4,0%,73.75
guest bathroom renovations scottsdale,0,4,0%,75.25
tile flooring installation chandler az,0,4,0%,75.25
master bathroom remodel mesa,0,4,0%,75.75
remodel payment plan scottsdale,0,4,0%,75.75
acrylic bath installation gilbert,0,4,0%,76.25
remodeling services tempe az,0,4,0%,76.5
chandler arizona bathroom remodeling,0,4,0%,78
tile removal company chandler az,0,4,0%,85
finance home improvement az,0,4,0%,88.5
bathroom remodeling service gilbert,0,4,0%,90.75
bathroom contractors near me,0,3,0%,12
home remodeling pecos,0,3,0%,27.33
commercial bathroom remodel contractors near me,0,3,0%,30.33
bathroom remodel contractors near me,0,3,0%,36.67
guest bathroom renovations phoenix,0,3,0%,37.67
light fixture installation chandler az,0,3,0%,39.33
shower remodeling services 85206,0,3,0%,39.67
bathroom renovation mesa az,0,3,0%,45
"shower installation apache junction, az",0,3,0%,48.67
bathroom remodeling windsong,0,3,0%,52.33
chandler total home remodeling,0,3,0%,53.33
master bathroom remodel gilbert,0,3,0%,55
tile floor chandler az,0,3,0%,61
mesa arizona bathroom remodeling,0,3,0%,62.33
shower remodel tempe,0,3,0%,63.33
arizona shower remodeling,0,3,0%,63.67
bathroom vanity installation phoenix,0,3,0%,66
townhouse repairs chandler,0,3,0%,75
closet remodel gilbert az,0,3,0%,75.67
tub to shower conversion tempe,0,3,0%,77
bathroom renovations mesa az,0,3,0%,78
ada bathroom remodel near me,0,3,0%,79.33
chandler arizona remodeling,0,3,0%,79.67
walk in shower cost,0,3,0%,80.33
bathtub removal service,0,3,0%,84.33
"shower installation tempe, az",0,3,0%,86.33
bathroom renovation gilbert az,0,3,0%,89.33
bathroom renovation services in mesa,0,3,0%,93.33
bathroom renovation services in gilbert,0,3,0%,96.67
finance bathroom remodel,0,3,0%,99.33
bathroom remodel schedule,0,3,0%,99.67
do you need permits to remodel a bathroom,0,2,0%,10
bathroom remodeling copiague,0,2,0%,13
gilbert bathroom renovation services,0,2,0%,20
bathroom renovation contractors,0,2,0%,20.5
luxury remodel queen creek,0,2,0%,22.5
commercial bathroom contractors near me,0,2,0%,23
shower remodel queen creek,0,2,0%,27.5
spa bathroom ahwatukee,0,2,0%,31
bathroom renovations,0,2,0%,36
bathroom remodeling for seniors,0,2,0%,44.5
countertop installation chandler,0,2,0%,44.5
whole home renovation chandler,0,2,0%,44.5
plumbing dobson ranch az,0,2,0%,47
cost of tiled walk in shower,0,2,0%,48
light fixture repair chandler az,0,2,0%,50.5
interior lighting installation chandler az,0,2,0%,53
luxury remodel mesa,0,2,0%,56
bathroom remodeling copper ridge condominiums,0,2,0%,56.5
master bath cost,0,2,0%,58
one day bath renovation gilbert,0,2,0%,58.5
kitchen countertops chandler,0,2,0%,59.5
luxury master bathroom remodel cost,0,2,0%,63.5
mesa az bathroom remodel,0,2,0%,64.5
cost to remodel master bath,0,2,0%,69
crown moulding installation chandler az,0,2,0%,69
bathroom remodel contractors tempe,0,2,0%,73.5
ahwatukee az room addition company,0,2,0%,74.5
how much to remodel a master bathroom,0,2,0%,75.5
bathroom remodeling in estrella goodyear az,0,2,0%,76
spa bathroom tempe,0,2,0%,76
bath remodeling companies chandler az,0,2,0%,77
accessible bathroom remodel contractors for ada compliance,0,2,0%,77.5
tile floor removal chandler az,0,2,0%,78
bath remodelers chandler az,0,2,0%,79.5
average master bath remodel cost,0,2,0%,80.5
queen anne bathroom remodeling,0,2,0%,81.5
specialized home improvement loans arizona,0,2,0%,82.5
acrylic bath remodel company gilbert,0,2,0%,86
tub to shower conversion scottsdale,0,2,0%,87
cost walk in shower,0,2,0%,87.5
bathroom remodeling wickenburg,0,2,0%,88
one day bath remodel gilbert,0,2,0%,89
"shower installation chandler, az",0,2,0%,89
walk in showers cost,0,2,0%,89.5
canyon lake bathroom contractors,0,2,0%,91
bathroom renovation company in mesa,0,2,0%,92
walk in shower costs,0,2,0%,92
bathroom remodeling contractor in gilbert,0,2,0%,93
cost to remodel a master bathroom,0,2,0%,93
custom bathroom mesa,0,2,0%,94.5
bathroom remodel cost scottsdale,0,2,0%,96
bath fitters financing options,0,2,0%,97.5
bathroom remodeling company in gilbert,0,2,0%,99
tub to shower conversions cost,0,2,0%,99.5
do i need a permit for bathroom remodel,0,1,0%,2
do you need a permit for bathroom remodel,0,1,0%,2
do you need a permit to change tub to shower,0,1,0%,2
bathroom remodeling with financing,0,1,0%,6
bathroom renovation companies,0,1,0%,6
is a permit required to remodel a bathroom,0,1,0%,6
ada remodeling,0,1,0%,8
best bathroom remodelers chandler arizona reviews,0,1,0%,9
best shower remodel company near me,0,1,0%,9
bathroom remodel companies,0,1,0%,11
bathroom remodel cost,0,1,0%,11
cost of bathroom remodel,0,1,0%,11
do i need a permit to redo my bathroom,0,1,0%,11
home remodeling jobs,0,1,0%,11
do i need a permit to remodel my bathroom,0,1,0%,12
do you need permit to retile shower,0,1,0%,12
island contractors,0,1,0%,12
one day bath remodel chandler,0,1,0%,12
one day bathroom remodeling chandler,0,1,0%,12
bathroom contractor,0,1,0%,13
renovate a bathroom,0,1,0%,13
when do you need a permit for a bathroom remodel,0,1,0%,13
bath remodeling service,0,1,0%,14
"what are the top premium quartz countertop showrooms near chandler fashion 
center in chandler, az, and which offer professional installation?",0,1,0%,15
bathroom construction near me,0,1,0%,16
bathroom renovation arden,0,1,0%,16
garden tub to walk in shower conversion,0,1,0%,18
accessible remodeling,0,1,0%,19
bathroom remodeler arden,0,1,0%,19
city of chandler az building permits,0,1,0%,20
one day bathroom renovation chandler,0,1,0%,21
bathroom renovation company,0,1,0%,27
bathroom remodel contractor gilbert,0,1,0%,28
ada compliant bathroom contractor,0,1,0%,29
marble countertops chandler,0,1,0%,31
ahwatukee az renovation company,0,1,0%,32
guest bathroom remodel phoenix,0,1,0%,34
home improvement contractor chandler az jobs,0,1,0%,34
plumbing contractors dobson ranch,0,1,0%,37
bathroom remodeler tempe,0,1,0%,38
tempe arizona bathroom remodeling,0,1,0%,38
shower replacement lincoln,0,1,0%,40
bathroom remodelers mesa az,0,1,0%,41
countertops chandler az,0,1,0%,41
chandler arizona tile,0,1,0%,42
master bathroom renovation cost,0,1,0%,44
bathroom remodelers near me,0,1,0%,45
cost of tiled walk-in shower,0,1,0%,45
ledezma remodeling,0,1,0%,45
bathtub remodeling tempe,0,1,0%,46
gilbertbathroom remodeling,0,1,0%,46
licensed bathroom contractor,0,1,0%,46
ada-compliant accessibility remodeling,0,1,0%,47
bathroom remodeling grimmer,0,1,0%,49
contractor ahwatukee foothills phoenix arizona,0,1,0%,56
countertop showroom chandler,0,1,0%,56
curbless shower installation cost,0,1,0%,58
the mesa bathroom remodeling,0,1,0%,58
how much does a five minute shower cost,0,1,0%,67
cabinet installation chandler,0,1,0%,68
tile shower installation services arizona,0,1,0%,69
bathtub repair chandler az,0,1,0%,70
closet remodel chandler az,0,1,0%,70
tile installation gilbert az,0,1,0%,70
bathroom remodel cost tucson,0,1,0%,74
chandler home remodeling experts,0,1,0%,74
how much does a 5 minute shower cost,0,1,0%,75
bathroom remodel financing options,0,1,0%,76
home restoration apache junction,0,1,0%,76
quartz kitchen countertops in chandler,0,1,0%,76
home renovation contractors tempe,0,1,0%,77
custom bathroom gilbert,0,1,0%,78
remodeling contractors tempe,0,1,0%,78
average cost of a master bathroom remodel,0,1,0%,80
bath remodeling company chandler az,0,1,0%,82
one day tub to shower conversion cost near me,0,1,0%,82
pay monthly bathrooms,0,1,0%,83
the one where chandler takes a bath,0,1,0%,83
bathroom remodelers chandler az,0,1,0%,84
one day bathroom remodel chandler,0,1,0%,84
shower repair gilbert az,0,1,0%,84
toilet installation gilbert az,0,1,0%,84
bathroom contractor chandler az,0,1,0%,85
grout repair chandler arizona,0,1,0%,85
bath remodeling services chandler az,0,1,0%,86
plumbers ahwatukee az,0,1,0%,86
same day bathroom remodeling gilbert,0,1,0%,86
bath remodeling contractor chandler az,0,1,0%,87
bathroom remodeler chandler az,0,1,0%,87
cost to renovate master bath,0,1,0%,87
spring valley shower remodeling,0,1,0%,89
bathroom remodel timeline charlotte,0,1,0%,90
bathroom remodeling company la mesa,0,1,0%,90
bathroom renovation company in gilbert,0,1,0%,90
how much master bathroom remodel,0,1,0%,90
how to take a bathtub out,0,1,0%,90
mesa shower remodeling,0,1,0%,90
tub to shower conversion phoenix,0,1,0%,90
tub to shower conversions prices and pictures,0,1,0%,90
cost of bathroom remodel scottsdale,0,1,0%,91
one day bathroom remodel mesa,0,1,0%,91
remodeling with financing scottsdale,0,1,0%,91
"shower installation gilbert, az",0,1,0%,92
bathroom remodeling downtown,0,1,0%,93
one day bathroom remodel gilbert,0,1,0%,93
arizonabathroom remodeling,0,1,0%,94
bathroom remodel companies that offer financing,0,1,0%,95
va home accessibility renovations arizona,0,1,0%,95
shower installation mesa az,0,1,0%,96
spring valley bathroom remodel,0,1,0%,96
tub to shower conversion mesa,0,1,0%,96
bathroom addition financing,0,1,0%,97
how much is a master bath remodel,0,1,0%,97
how much is a master bathroom remodel,0,1,0%,97
bathroom remodel devonshire,0,1,0%,98
bathroom remodeling companies in gilbert,0,1,0%,98
how much does a 10 minute shower cost,0,1,0%,98
bathroom remodeling services in tempe,0,1,0%,99
bathroom renovation lakewood ranch,0,1,0%,99
bathtub removal near me,0,1,0%,99
cost for master bath remodel,0,1,0%,99
average cost remodel master bathroom,0,1,0%,100
average tub to shower conversion cost,0,1,0%,100
how much does it cost to remodel a master bathroom,0,1,0%,100
same day bathroom remodeling mesa,0,1,0%,100